label;P;P_set
work net;-150000000.0000001;True
fuel energy;390286680.64828753;False
